workers,repeat,aggregate_kBps
1,1,1794782.28
1,2,1794082.95
1,3,1794652.57
1,4,1770618.06
1,5,1743566.98
2,1,3489959.12
2,2,3480600.84
2,3,3566391.57
2,4,3515373.43
2,5,3563579.53
4,1,6970853.78
4,2,7176648.57
4,3,7235859.81
4,4,7230781.85
4,5,7229227.29
8,1,14399883.39
8,2,14346755.54
8,3,14311337.04
8,4,14349589.44
8,5,14308460.40
16,1,26593272.07
16,2,26042679.31
16,3,25189143.07
16,4,25395578.19
16,5,25326140.61
32,1,32612946.19
32,2,33191506.72
32,3,32937736.06
32,4,33155539.50
32,5,32848792.78
